laundry,option_name,add_fee
1,쾌속,-500
1,향균,500
1,산소계표백,500
1,아웃도어,1000
1,프리미엄,2000
1,이불,2500
1,추가헹굼,500
1,세탁통향균세척,500
2,쾌속,-500
2,향균,500
2,산소계표백,500
2,아웃도어,1000
2,프리미엄,2000
2,이불,2500
2,추가헹굼,500
2,세탁통향균세척,500
3,쾌속,-500
3,향균,500
3,산소계표백,500
3,아웃도어,1000
3,프리미엄,2000
3,이불,2500
3,추가헹굼,500
3,세탁통향균세척,500
4,쾌속,-500
4,향균,500
4,산소계표백,500
4,아웃도어,1000
4,프리미엄,2000
4,이불,2500
4,추가헹굼,500
4,세탁통향균세척,500
5,쾌속,-500
5,향균,500
5,산소계표백,500
5,아웃도어,1000
5,프리미엄,2000
5,이불,2500
5,추가헹굼,500
5,세탁통향균세척,500
6,쾌속,-500
6,향균,500
6,산소계표백,500
6,아웃도어,1000
6,프리미엄,2000
6,이불,2500
6,추가헹굼,500
6,세탁통향균세척,500
7,쾌속,-500
7,향균,500
7,산소계표백,500
7,아웃도어,1000
7,프리미엄,2000
7,이불,2500
7,추가헹굼,500
7,세탁통향균세척,500
8,쾌속,-500
8,향균,500
8,산소계표백,500
8,아웃도어,1000
8,프리미엄,2000
8,이불,2500
8,추가헹굼,500
8,세탁통향균세척,500
9,쾌속,-500
9,향균,500
9,산소계표백,500
9,아웃도어,1000
9,프리미엄,2000
9,이불,2500
9,추가헹굼,500
9,세탁통향균세척,500
10,쾌속,-500
10,향균,500
10,산소계표백,500
10,아웃도어,1000
10,프리미엄,2000
10,이불,2500
10,추가헹굼,500
10,세탁통향균세척,500
11,쾌속,-500
11,향균,500
11,산소계표백,500
11,아웃도어,1000
11,프리미엄,2000
11,이불,2500
11,추가헹굼,500
11,세탁통향균세척,500
12,쾌속,-500
12,향균,500
12,산소계표백,500
12,아웃도어,1000
12,프리미엄,2000
12,이불,2500
12,추가헹굼,500
12,세탁통향균세척,500
13,쾌속,-500
13,향균,500
13,산소계표백,500
13,아웃도어,1000
13,프리미엄,2000
13,이불,2500
13,추가헹굼,500
13,세탁통향균세척,500
14,쾌속,-500
14,향균,500
14,산소계표백,500
14,아웃도어,1000
14,프리미엄,2000
14,이불,2500
14,추가헹굼,500
14,세탁통향균세척,500
15,쾌속,-500
15,향균,500
15,산소계표백,500
15,아웃도어,1000
15,프리미엄,2000
15,이불,2500
15,추가헹굼,500
15,세탁통향균세척,500
16,쾌속,-500
16,향균,500
16,산소계표백,500
16,아웃도어,1000
16,프리미엄,2000
16,이불,2500
16,추가헹굼,500
16,세탁통향균세척,500
17,쾌속,-500
17,향균,500
17,산소계표백,500
17,아웃도어,1000
17,프리미엄,2000
17,이불,2500
17,추가헹굼,500
17,세탁통향균세척,500
18,쾌속,-500
18,향균,500
18,산소계표백,500
18,아웃도어,1000
18,프리미엄,2000
18,이불,2500
18,추가헹굼,500
18,세탁통향균세척,500
19,쾌속,-500
19,향균,500
19,산소계표백,500
19,아웃도어,1000
19,프리미엄,2000
19,이불,2500
19,추가헹굼,500
19,세탁통향균세척,500
20,쾌속,-500
20,향균,500
20,산소계표백,500
20,아웃도어,1000
20,프리미엄,2000
20,이불,2500
20,추가헹굼,500
20,세탁통향균세척,500
21,쾌속,-500
21,향균,500
21,산소계표백,500
21,아웃도어,1000
21,프리미엄,2000
21,이불,2500
21,추가헹굼,500
21,세탁통향균세척,500
22,쾌속,-500
22,향균,500
22,산소계표백,500
22,아웃도어,1000
22,프리미엄,2000
22,이불,2500
22,추가헹굼,500
22,세탁통향균세척,500
23,쾌속,-500
23,향균,500
23,산소계표백,500
23,아웃도어,1000
23,프리미엄,2000
23,이불,2500
23,추가헹굼,500
23,세탁통향균세척,500
24,쾌속,-500
24,향균,500
24,산소계표백,500
24,아웃도어,1000
24,프리미엄,2000
24,이불,2500
24,추가헹굼,500
24,세탁통향균세척,500
25,쾌속,-500
25,향균,500
25,산소계표백,500
25,아웃도어,1000
25,프리미엄,2000
25,이불,2500
25,추가헹굼,500
25,세탁통향균세척,500
26,쾌속,-500
26,향균,500
26,산소계표백,500
26,아웃도어,1000
26,프리미엄,2000
26,이불,2500
26,추가헹굼,500
26,세탁통향균세척,500
27,쾌속,-500
27,향균,500
27,산소계표백,500
27,아웃도어,1000
27,프리미엄,2000
27,이불,2500
27,추가헹굼,500
27,세탁통향균세척,500
28,쾌속,-500
28,향균,500
28,산소계표백,500
28,아웃도어,1000
28,프리미엄,2000
28,이불,2500
28,추가헹굼,500
28,세탁통향균세척,500
29,쾌속,-500
29,향균,500
29,산소계표백,500
29,아웃도어,1000
29,프리미엄,2000
29,이불,2500
29,추가헹굼,500
29,세탁통향균세척,500
30,쾌속,-500
30,향균,500
30,산소계표백,500
30,아웃도어,1000
30,프리미엄,2000
30,이불,2500
30,추가헹굼,500
30,세탁통향균세척,500
31,쾌속,-500
31,향균,500
31,산소계표백,500
31,아웃도어,1000
31,프리미엄,2000
31,이불,2500
31,추가헹굼,500
31,세탁통향균세척,500
32,쾌속,-500
32,향균,500
32,산소계표백,500
32,아웃도어,1000
32,프리미엄,2000
32,이불,2500
32,추가헹굼,500
32,세탁통향균세척,500
33,쾌속,-500
33,향균,500
33,산소계표백,500
33,아웃도어,1000
33,프리미엄,2000
33,이불,2500
33,추가헹굼,500
33,세탁통향균세척,500
34,쾌속,-500
34,향균,500
34,산소계표백,500
34,아웃도어,1000
34,프리미엄,2000
34,이불,2500
34,추가헹굼,500
34,세탁통향균세척,500
35,쾌속,-500
35,향균,500
35,산소계표백,500
35,아웃도어,1000
35,프리미엄,2000
35,이불,2500
35,추가헹굼,500
35,세탁통향균세척,500
36,쾌속,-500
36,향균,500
36,산소계표백,500
36,아웃도어,1000
36,프리미엄,2000
36,이불,2500
36,추가헹굼,500
36,세탁통향균세척,500
37,쾌속,-500
37,향균,500
37,산소계표백,500
37,아웃도어,1000
37,프리미엄,2000
37,이불,2500
37,추가헹굼,500
37,세탁통향균세척,500
38,쾌속,-500
38,향균,500
38,산소계표백,500
38,아웃도어,1000
38,프리미엄,2000
38,이불,2500
38,추가헹굼,500
38,세탁통향균세척,500
39,쾌속,-500
39,향균,500
39,산소계표백,500
39,아웃도어,1000
39,프리미엄,2000
39,이불,2500
39,추가헹굼,500
39,세탁통향균세척,500
40,쾌속,-500
40,향균,500
40,산소계표백,500
40,아웃도어,1000
40,프리미엄,2000
40,이불,2500
40,추가헹굼,500
40,세탁통향균세척,500
41,쾌속,-500
41,향균,500
41,산소계표백,500
41,아웃도어,1000
41,프리미엄,2000
41,이불,2500
41,추가헹굼,500
41,세탁통향균세척,500
42,쾌속,-500
42,향균,500
42,산소계표백,500
42,아웃도어,1000
42,프리미엄,2000
42,이불,2500
42,추가헹굼,500
42,세탁통향균세척,500
43,쾌속,-500
43,향균,500
43,산소계표백,500
43,아웃도어,1000
43,프리미엄,2000
43,이불,2500
43,추가헹굼,500
43,세탁통향균세척,500
44,쾌속,-500
44,향균,500
44,산소계표백,500
44,아웃도어,1000
44,프리미엄,2000
44,이불,2500
44,추가헹굼,500
44,세탁통향균세척,500
45,쾌속,-500
45,향균,500
45,산소계표백,500
45,아웃도어,1000
45,프리미엄,2000
45,이불,2500
45,추가헹굼,500
45,세탁통향균세척,500
46,쾌속,-500
46,향균,500
46,산소계표백,500
46,아웃도어,1000
46,프리미엄,2000
46,이불,2500
46,추가헹굼,500
46,세탁통향균세척,500
47,쾌속,-500
47,향균,500
47,산소계표백,500
47,아웃도어,1000
47,프리미엄,2000
47,이불,2500
47,추가헹굼,500
47,세탁통향균세척,500
48,쾌속,-500
48,향균,500
48,산소계표백,500
48,아웃도어,1000
48,프리미엄,2000
48,이불,2500
48,추가헹굼,500
48,세탁통향균세척,500
49,쾌속,-500
49,향균,500
49,산소계표백,500
49,아웃도어,1000
49,프리미엄,2000
49,이불,2500
49,추가헹굼,500
49,세탁통향균세척,500
50,쾌속,-500
50,향균,500
50,산소계표백,500
50,아웃도어,1000
50,프리미엄,2000
50,이불,2500
50,추가헹굼,500
50,세탁통향균세척,500
51,쾌속,-500
51,향균,500
51,산소계표백,500
51,아웃도어,1000
51,프리미엄,2000
51,이불,2500
51,추가헹굼,500
51,세탁통향균세척,500
52,쾌속,-500
52,향균,500
52,산소계표백,500
52,아웃도어,1000
52,프리미엄,2000
52,이불,2500
52,추가헹굼,500
52,세탁통향균세척,500
53,쾌속,-500
53,향균,500
53,산소계표백,500
53,아웃도어,1000
53,프리미엄,2000
53,이불,2500
53,추가헹굼,500
53,세탁통향균세척,500
54,쾌속,-500
54,향균,500
54,산소계표백,500
54,아웃도어,1000
54,프리미엄,2000
54,이불,2500
54,추가헹굼,500
54,세탁통향균세척,500
55,쾌속,-500
55,향균,500
55,산소계표백,500
55,아웃도어,1000
55,프리미엄,2000
55,이불,2500
55,추가헹굼,500
55,세탁통향균세척,500
56,쾌속,-500
56,향균,500
56,산소계표백,500
56,아웃도어,1000
56,프리미엄,2000
56,이불,2500
56,추가헹굼,500
56,세탁통향균세척,500
57,쾌속,-500
57,향균,500
57,산소계표백,500
57,아웃도어,1000
57,프리미엄,2000
57,이불,2500
57,추가헹굼,500
57,세탁통향균세척,500
58,쾌속,-500
58,향균,500
58,산소계표백,500
58,아웃도어,1000
58,프리미엄,2000
58,이불,2500
58,추가헹굼,500
58,세탁통향균세척,500
59,쾌속,-500
59,향균,500
59,산소계표백,500
59,아웃도어,1000
59,프리미엄,2000
59,이불,2500
59,추가헹굼,500
59,세탁통향균세척,500
60,쾌속,-500
60,향균,500
60,산소계표백,500
60,아웃도어,1000
60,프리미엄,2000
60,이불,2500
60,추가헹굼,500
60,세탁통향균세척,500
61,쾌속,-500
61,향균,500
61,산소계표백,500
61,아웃도어,1000
61,프리미엄,2000
61,이불,2500
61,추가헹굼,500
61,세탁통향균세척,500
62,쾌속,-500
62,향균,500
62,산소계표백,500
62,아웃도어,1000
62,프리미엄,2000
62,이불,2500
62,추가헹굼,500
62,세탁통향균세척,500
63,쾌속,-500
63,향균,500
63,산소계표백,500
63,아웃도어,1000
63,프리미엄,2000
63,이불,2500
63,추가헹굼,500
63,세탁통향균세척,500
64,쾌속,-500
64,향균,500
64,산소계표백,500
64,아웃도어,1000
64,프리미엄,2000
64,이불,2500
64,추가헹굼,500
64,세탁통향균세척,500
65,쾌속,-500
65,향균,500
65,산소계표백,500
65,아웃도어,1000
65,프리미엄,2000
65,이불,2500
65,추가헹굼,500
65,세탁통향균세척,500
66,쾌속,-500
66,향균,500
66,산소계표백,500
66,아웃도어,1000
66,프리미엄,2000
66,이불,2500
66,추가헹굼,500
66,세탁통향균세척,500
67,쾌속,-500
67,향균,500
67,산소계표백,500
67,아웃도어,1000
67,프리미엄,2000
67,이불,2500
67,추가헹굼,500
67,세탁통향균세척,500
68,쾌속,-500
68,향균,500
68,산소계표백,500
68,아웃도어,1000
68,프리미엄,2000
68,이불,2500
68,추가헹굼,500
68,세탁통향균세척,500
69,쾌속,-500
69,향균,500
69,산소계표백,500
69,아웃도어,1000
69,프리미엄,2000
69,이불,2500
69,추가헹굼,500
69,세탁통향균세척,500
70,쾌속,-500
70,향균,500
70,산소계표백,500
70,아웃도어,1000
70,프리미엄,2000
70,이불,2500
70,추가헹굼,500
70,세탁통향균세척,500
71,쾌속,-500
71,향균,500
71,산소계표백,500
71,아웃도어,1000
71,프리미엄,2000
71,이불,2500
71,추가헹굼,500
71,세탁통향균세척,500
72,쾌속,-500
72,향균,500
72,산소계표백,500
72,아웃도어,1000
72,프리미엄,2000
72,이불,2500
72,추가헹굼,500
72,세탁통향균세척,500
73,쾌속,-500
73,향균,500
73,산소계표백,500
73,아웃도어,1000
73,프리미엄,2000
73,이불,2500
73,추가헹굼,500
73,세탁통향균세척,500
74,쾌속,-500
74,향균,500
74,산소계표백,500
74,아웃도어,1000
74,프리미엄,2000
74,이불,2500
74,추가헹굼,500
74,세탁통향균세척,500
75,쾌속,-500
75,향균,500
75,산소계표백,500
75,아웃도어,1000
75,프리미엄,2000
75,이불,2500
75,추가헹굼,500
75,세탁통향균세척,500
76,쾌속,-500
76,향균,500
76,산소계표백,500
76,아웃도어,1000
76,프리미엄,2000
76,이불,2500
76,추가헹굼,500
76,세탁통향균세척,500
77,쾌속,-500
77,향균,500
77,산소계표백,500
77,아웃도어,1000
77,프리미엄,2000
77,이불,2500
77,추가헹굼,500
77,세탁통향균세척,500
78,쾌속,-500
78,향균,500
78,산소계표백,500
78,아웃도어,1000
78,프리미엄,2000
78,이불,2500
78,추가헹굼,500
78,세탁통향균세척,500
79,쾌속,-500
79,향균,500
79,산소계표백,500
79,아웃도어,1000
79,프리미엄,2000
79,이불,2500
79,추가헹굼,500
79,세탁통향균세척,500
80,쾌속,-500
80,향균,500
80,산소계표백,500
80,아웃도어,1000
80,프리미엄,2000
80,이불,2500
80,추가헹굼,500
80,세탁통향균세척,500
81,쾌속,-500
81,향균,500
81,산소계표백,500
81,아웃도어,1000
81,프리미엄,2000
81,이불,2500
81,추가헹굼,500
81,세탁통향균세척,500
82,쾌속,-500
82,향균,500
82,산소계표백,500
82,아웃도어,1000
82,프리미엄,2000
82,이불,2500
82,추가헹굼,500
82,세탁통향균세척,500
83,쾌속,-500
83,향균,500
83,산소계표백,500
83,아웃도어,1000
83,프리미엄,2000
83,이불,2500
83,추가헹굼,500
83,세탁통향균세척,500
84,쾌속,-500
84,향균,500
84,산소계표백,500
84,아웃도어,1000
84,프리미엄,2000
84,이불,2500
84,추가헹굼,500
84,세탁통향균세척,500
85,쾌속,-500
85,향균,500
85,산소계표백,500
85,아웃도어,1000
85,프리미엄,2000
85,이불,2500
85,추가헹굼,500
85,세탁통향균세척,500
86,쾌속,-500
86,향균,500
86,산소계표백,500
86,아웃도어,1000
86,프리미엄,2000
86,이불,2500
86,추가헹굼,500
86,세탁통향균세척,500
87,쾌속,-500
87,향균,500
87,산소계표백,500
87,아웃도어,1000
87,프리미엄,2000
87,이불,2500
87,추가헹굼,500
87,세탁통향균세척,500
88,쾌속,-500
88,향균,500
88,산소계표백,500
88,아웃도어,1000
88,프리미엄,2000
88,이불,2500
88,추가헹굼,500
88,세탁통향균세척,500
89,쾌속,-500
89,향균,500
89,산소계표백,500
89,아웃도어,1000
89,프리미엄,2000
89,이불,2500
89,추가헹굼,500
89,세탁통향균세척,500
90,쾌속,-500
90,향균,500
90,산소계표백,500
90,아웃도어,1000
90,프리미엄,2000
90,이불,2500
90,추가헹굼,500
90,세탁통향균세척,500
91,쾌속,-500
91,향균,500
91,산소계표백,500
91,아웃도어,1000
91,프리미엄,2000
91,이불,2500
91,추가헹굼,500
91,세탁통향균세척,500
92,쾌속,-500
92,향균,500
92,산소계표백,500
92,아웃도어,1000
92,프리미엄,2000
92,이불,2500
92,추가헹굼,500
92,세탁통향균세척,500
93,쾌속,-500
93,향균,500
93,산소계표백,500
93,아웃도어,1000
93,프리미엄,2000
93,이불,2500
93,추가헹굼,500
93,세탁통향균세척,500
94,쾌속,-500
94,향균,500
94,산소계표백,500
94,아웃도어,1000
94,프리미엄,2000
94,이불,2500
94,추가헹굼,500
94,세탁통향균세척,500
95,쾌속,-500
95,향균,500
95,산소계표백,500
95,아웃도어,1000
95,프리미엄,2000
95,이불,2500
95,추가헹굼,500
95,세탁통향균세척,500
96,쾌속,-500
96,향균,500
96,산소계표백,500
96,아웃도어,1000
96,프리미엄,2000
96,이불,2500
96,추가헹굼,500
96,세탁통향균세척,500
97,쾌속,-500
97,향균,500
97,산소계표백,500
97,아웃도어,1000
97,프리미엄,2000
97,이불,2500
97,추가헹굼,500
97,세탁통향균세척,500
98,쾌속,-500
98,향균,500
98,산소계표백,500
98,아웃도어,1000
98,프리미엄,2000
98,이불,2500
98,추가헹굼,500
98,세탁통향균세척,500
99,쾌속,-500
99,향균,500
99,산소계표백,500
99,아웃도어,1000
99,프리미엄,2000
99,이불,2500
99,추가헹굼,500
99,세탁통향균세척,500
100,쾌속,-500
100,향균,500
100,산소계표백,500
100,아웃도어,1000
100,프리미엄,2000
100,이불,2500
100,추가헹굼,500
100,세탁통향균세척,500
101,쾌속,-500
101,향균,500
101,산소계표백,500
101,아웃도어,1000
101,프리미엄,2000
101,이불,2500
101,추가헹굼,500
101,세탁통향균세척,500
102,쾌속,-500
102,향균,500
102,산소계표백,500
102,아웃도어,1000
102,프리미엄,2000
102,이불,2500
102,추가헹굼,500
102,세탁통향균세척,500
103,쾌속,-500
103,향균,500
103,산소계표백,500
103,아웃도어,1000
103,프리미엄,2000
103,이불,2500
103,추가헹굼,500
103,세탁통향균세척,500
104,쾌속,-500
104,향균,500
104,산소계표백,500
104,아웃도어,1000
104,프리미엄,2000
104,이불,2500
104,추가헹굼,500
104,세탁통향균세척,500
105,쾌속,-500
105,향균,500
105,산소계표백,500
105,아웃도어,1000
105,프리미엄,2000
105,이불,2500
105,추가헹굼,500
105,세탁통향균세척,500
106,쾌속,-500
106,향균,500
106,산소계표백,500
106,아웃도어,1000
106,프리미엄,2000
106,이불,2500
106,추가헹굼,500
106,세탁통향균세척,500
107,쾌속,-500
107,향균,500
107,산소계표백,500
107,아웃도어,1000
107,프리미엄,2000
107,이불,2500
107,추가헹굼,500
107,세탁통향균세척,500
108,쾌속,-500
108,향균,500
108,산소계표백,500
108,아웃도어,1000
108,프리미엄,2000
108,이불,2500
108,추가헹굼,500
108,세탁통향균세척,500
109,쾌속,-500
109,향균,500
109,산소계표백,500
109,아웃도어,1000
109,프리미엄,2000
109,이불,2500
109,추가헹굼,500
109,세탁통향균세척,500
110,쾌속,-500
110,향균,500
110,산소계표백,500
110,아웃도어,1000
110,프리미엄,2000
110,이불,2500
110,추가헹굼,500
110,세탁통향균세척,500
111,쾌속,-500
111,향균,500
111,산소계표백,500
111,아웃도어,1000
111,프리미엄,2000
111,이불,2500
111,추가헹굼,500
111,세탁통향균세척,500
112,쾌속,-500
112,향균,500
112,산소계표백,500
112,아웃도어,1000
112,프리미엄,2000
112,이불,2500
112,추가헹굼,500
112,세탁통향균세척,500
113,쾌속,-500
113,향균,500
113,산소계표백,500
113,아웃도어,1000
113,프리미엄,2000
113,이불,2500
113,추가헹굼,500
113,세탁통향균세척,500
114,쾌속,-500
114,향균,500
114,산소계표백,500
114,아웃도어,1000
114,프리미엄,2000
114,이불,2500
114,추가헹굼,500
114,세탁통향균세척,500
115,쾌속,-500
115,향균,500
115,산소계표백,500
115,아웃도어,1000
115,프리미엄,2000
115,이불,2500
115,추가헹굼,500
115,세탁통향균세척,500
116,쾌속,-500
116,향균,500
116,산소계표백,500
116,아웃도어,1000
116,프리미엄,2000
116,이불,2500
116,추가헹굼,500
116,세탁통향균세척,500
117,쾌속,-500
117,향균,500
117,산소계표백,500
117,아웃도어,1000
117,프리미엄,2000
117,이불,2500
117,추가헹굼,500
117,세탁통향균세척,500
118,쾌속,-500
118,향균,500
118,산소계표백,500
118,아웃도어,1000
118,프리미엄,2000
118,이불,2500
118,추가헹굼,500
118,세탁통향균세척,500
119,쾌속,-500
119,향균,500
119,산소계표백,500
119,아웃도어,1000
119,프리미엄,2000
119,이불,2500
119,추가헹굼,500
119,세탁통향균세척,500
120,쾌속,-500
120,향균,500
120,산소계표백,500
120,아웃도어,1000
120,프리미엄,2000
120,이불,2500
120,추가헹굼,500
120,세탁통향균세척,500
121,쾌속,-500
121,향균,500
121,산소계표백,500
121,아웃도어,1000
121,프리미엄,2000
121,이불,2500
121,추가헹굼,500
121,세탁통향균세척,500
122,쾌속,-500
122,향균,500
122,산소계표백,500
122,아웃도어,1000
122,프리미엄,2000
122,이불,2500
122,추가헹굼,500
122,세탁통향균세척,500
123,쾌속,-500
123,향균,500
123,산소계표백,500
123,아웃도어,1000
123,프리미엄,2000
123,이불,2500
123,추가헹굼,500
123,세탁통향균세척,500
124,쾌속,-500
124,향균,500
124,산소계표백,500
124,아웃도어,1000
124,프리미엄,2000
124,이불,2500
124,추가헹굼,500
124,세탁통향균세척,500
125,쾌속,-500
125,향균,500
125,산소계표백,500
125,아웃도어,1000
125,프리미엄,2000
125,이불,2500
125,추가헹굼,500
125,세탁통향균세척,500
126,쾌속,-500
126,향균,500
126,산소계표백,500
126,아웃도어,1000
126,프리미엄,2000
126,이불,2500
126,추가헹굼,500
126,세탁통향균세척,500
127,쾌속,-500
127,향균,500
127,산소계표백,500
127,아웃도어,1000
127,프리미엄,2000
127,이불,2500
127,추가헹굼,500
127,세탁통향균세척,500
128,쾌속,-500
128,향균,500
128,산소계표백,500
128,아웃도어,1000
128,프리미엄,2000
128,이불,2500
128,추가헹굼,500
128,세탁통향균세척,500
129,쾌속,-500
129,향균,500
129,산소계표백,500
129,아웃도어,1000
129,프리미엄,2000
129,이불,2500
129,추가헹굼,500
129,세탁통향균세척,500
130,쾌속,-500
130,향균,500
130,산소계표백,500
130,아웃도어,1000
130,프리미엄,2000
130,이불,2500
130,추가헹굼,500
130,세탁통향균세척,500
131,쾌속,-500
131,향균,500
131,산소계표백,500
131,아웃도어,1000
131,프리미엄,2000
131,이불,2500
131,추가헹굼,500
131,세탁통향균세척,500
132,쾌속,-500
132,향균,500
132,산소계표백,500
132,아웃도어,1000
132,프리미엄,2000
132,이불,2500
132,추가헹굼,500
132,세탁통향균세척,500
133,쾌속,-500
133,향균,500
133,산소계표백,500
133,아웃도어,1000
133,프리미엄,2000
133,이불,2500
133,추가헹굼,500
133,세탁통향균세척,500
134,쾌속,-500
134,향균,500
134,산소계표백,500
134,아웃도어,1000
134,프리미엄,2000
134,이불,2500
134,추가헹굼,500
134,세탁통향균세척,500
135,쾌속,-500
135,향균,500
135,산소계표백,500
135,아웃도어,1000
135,프리미엄,2000
135,이불,2500
135,추가헹굼,500
135,세탁통향균세척,500
136,쾌속,-500
136,향균,500
136,산소계표백,500
136,아웃도어,1000
136,프리미엄,2000
136,이불,2500
136,추가헹굼,500
136,세탁통향균세척,500
137,쾌속,-500
137,향균,500
137,산소계표백,500
137,아웃도어,1000
137,프리미엄,2000
137,이불,2500
137,추가헹굼,500
137,세탁통향균세척,500
138,쾌속,-500
138,향균,500
138,산소계표백,500
138,아웃도어,1000
138,프리미엄,2000
138,이불,2500
138,추가헹굼,500
138,세탁통향균세척,500
139,쾌속,-500
139,향균,500
139,산소계표백,500
139,아웃도어,1000
139,프리미엄,2000
139,이불,2500
139,추가헹굼,500
139,세탁통향균세척,500
140,쾌속,-500
140,향균,500
140,산소계표백,500
140,아웃도어,1000
140,프리미엄,2000
140,이불,2500
140,추가헹굼,500
140,세탁통향균세척,500
141,쾌속,-500
141,향균,500
141,산소계표백,500
141,아웃도어,1000
141,프리미엄,2000
141,이불,2500
141,추가헹굼,500
141,세탁통향균세척,500
142,쾌속,-500
142,향균,500
142,산소계표백,500
142,아웃도어,1000
142,프리미엄,2000
142,이불,2500
142,추가헹굼,500
142,세탁통향균세척,500
143,쾌속,-500
143,향균,500
143,산소계표백,500
143,아웃도어,1000
143,프리미엄,2000
143,이불,2500
143,추가헹굼,500
143,세탁통향균세척,500
144,쾌속,-500
144,향균,500
144,산소계표백,500
144,아웃도어,1000
144,프리미엄,2000
144,이불,2500
144,추가헹굼,500
144,세탁통향균세척,500
145,쾌속,-500
145,향균,500
145,산소계표백,500
145,아웃도어,1000
145,프리미엄,2000
145,이불,2500
145,추가헹굼,500
145,세탁통향균세척,500
146,쾌속,-500
146,향균,500
146,산소계표백,500
146,아웃도어,1000
146,프리미엄,2000
146,이불,2500
146,추가헹굼,500
146,세탁통향균세척,500
147,쾌속,-500
147,향균,500
147,산소계표백,500
147,아웃도어,1000
147,프리미엄,2000
147,이불,2500
147,추가헹굼,500
147,세탁통향균세척,500
148,쾌속,-500
148,향균,500
148,산소계표백,500
148,아웃도어,1000
148,프리미엄,2000
148,이불,2500
148,추가헹굼,500
148,세탁통향균세척,500
149,쾌속,-500
149,향균,500
149,산소계표백,500
149,아웃도어,1000
149,프리미엄,2000
149,이불,2500
149,추가헹굼,500
149,세탁통향균세척,500
150,쾌속,-500
150,향균,500
150,산소계표백,500
150,아웃도어,1000
150,프리미엄,2000
150,이불,2500
150,추가헹굼,500
150,세탁통향균세척,500
151,쾌속,-500
151,향균,500
151,산소계표백,500
151,아웃도어,1000
151,프리미엄,2000
151,이불,2500
151,추가헹굼,500
151,세탁통향균세척,500
152,쾌속,-500
152,향균,500
152,산소계표백,500
152,아웃도어,1000
152,프리미엄,2000
152,이불,2500
152,추가헹굼,500
152,세탁통향균세척,500
153,쾌속,-500
153,향균,500
153,산소계표백,500
153,아웃도어,1000
153,프리미엄,2000
153,이불,2500
153,추가헹굼,500
153,세탁통향균세척,500
154,쾌속,-500
154,향균,500
154,산소계표백,500
154,아웃도어,1000
154,프리미엄,2000
154,이불,2500
154,추가헹굼,500
154,세탁통향균세척,500
155,쾌속,-500
155,향균,500
155,산소계표백,500
155,아웃도어,1000
155,프리미엄,2000
155,이불,2500
155,추가헹굼,500
155,세탁통향균세척,500
156,쾌속,-500
156,향균,500
156,산소계표백,500
156,아웃도어,1000
156,프리미엄,2000
156,이불,2500
156,추가헹굼,500
156,세탁통향균세척,500
157,쾌속,-500
157,향균,500
157,산소계표백,500
157,아웃도어,1000
157,프리미엄,2000
157,이불,2500
157,추가헹굼,500
157,세탁통향균세척,500
158,쾌속,-500
158,향균,500
158,산소계표백,500
158,아웃도어,1000
158,프리미엄,2000
158,이불,2500
158,추가헹굼,500
158,세탁통향균세척,500
159,쾌속,-500
159,향균,500
159,산소계표백,500
159,아웃도어,1000
159,프리미엄,2000
159,이불,2500
159,추가헹굼,500
159,세탁통향균세척,500
160,쾌속,-500
160,향균,500
160,산소계표백,500
160,아웃도어,1000
160,프리미엄,2000
160,이불,2500
160,추가헹굼,500
160,세탁통향균세척,500
161,쾌속,-500
161,향균,500
161,산소계표백,500
161,아웃도어,1000
161,프리미엄,2000
161,이불,2500
161,추가헹굼,500
161,세탁통향균세척,500
162,쾌속,-500
162,향균,500
162,산소계표백,500
162,아웃도어,1000
162,프리미엄,2000
162,이불,2500
162,추가헹굼,500
162,세탁통향균세척,500
163,쾌속,-500
163,향균,500
163,산소계표백,500
163,아웃도어,1000
163,프리미엄,2000
163,이불,2500
163,추가헹굼,500
163,세탁통향균세척,500
164,쾌속,-500
164,향균,500
164,산소계표백,500
164,아웃도어,1000
164,프리미엄,2000
164,이불,2500
164,추가헹굼,500
164,세탁통향균세척,500
165,쾌속,-500
165,향균,500
165,산소계표백,500
165,아웃도어,1000
165,프리미엄,2000
165,이불,2500
165,추가헹굼,500
165,세탁통향균세척,500
166,쾌속,-500
166,향균,500
166,산소계표백,500
166,아웃도어,1000
166,프리미엄,2000
166,이불,2500
166,추가헹굼,500
166,세탁통향균세척,500
167,쾌속,-500
167,향균,500
167,산소계표백,500
167,아웃도어,1000
167,프리미엄,2000
167,이불,2500
167,추가헹굼,500
167,세탁통향균세척,500
168,쾌속,-500
168,향균,500
168,산소계표백,500
168,아웃도어,1000
168,프리미엄,2000
168,이불,2500
168,추가헹굼,500
168,세탁통향균세척,500
169,쾌속,-500
169,향균,500
169,산소계표백,500
169,아웃도어,1000
169,프리미엄,2000
169,이불,2500
169,추가헹굼,500
169,세탁통향균세척,500
170,쾌속,-500
170,향균,500
170,산소계표백,500
170,아웃도어,1000
170,프리미엄,2000
170,이불,2500
170,추가헹굼,500
170,세탁통향균세척,500
171,쾌속,-500
171,향균,500
171,산소계표백,500
171,아웃도어,1000
171,프리미엄,2000
171,이불,2500
171,추가헹굼,500
171,세탁통향균세척,500
172,쾌속,-500
172,향균,500
172,산소계표백,500
172,아웃도어,1000
172,프리미엄,2000
172,이불,2500
172,추가헹굼,500
172,세탁통향균세척,500
173,쾌속,-500
173,향균,500
173,산소계표백,500
173,아웃도어,1000
173,프리미엄,2000
173,이불,2500
173,추가헹굼,500
173,세탁통향균세척,500
174,쾌속,-500
174,향균,500
174,산소계표백,500
174,아웃도어,1000
174,프리미엄,2000
174,이불,2500
174,추가헹굼,500
174,세탁통향균세척,500
175,쾌속,-500
175,향균,500
175,산소계표백,500
175,아웃도어,1000
175,프리미엄,2000
175,이불,2500
175,추가헹굼,500
175,세탁통향균세척,500
176,쾌속,-500
176,향균,500
176,산소계표백,500
176,아웃도어,1000
176,프리미엄,2000
176,이불,2500
176,추가헹굼,500
176,세탁통향균세척,500
177,쾌속,-500
177,향균,500
177,산소계표백,500
177,아웃도어,1000
177,프리미엄,2000
177,이불,2500
177,추가헹굼,500
177,세탁통향균세척,500
178,쾌속,-500
178,향균,500
178,산소계표백,500
178,아웃도어,1000
178,프리미엄,2000
178,이불,2500
178,추가헹굼,500
178,세탁통향균세척,500
179,쾌속,-500
179,향균,500
179,산소계표백,500
179,아웃도어,1000
179,프리미엄,2000
179,이불,2500
179,추가헹굼,500
179,세탁통향균세척,500
180,쾌속,-500
180,향균,500
180,산소계표백,500
180,아웃도어,1000
180,프리미엄,2000
180,이불,2500
180,추가헹굼,500
180,세탁통향균세척,500
181,쾌속,-500
181,향균,500
181,산소계표백,500
181,아웃도어,1000
181,프리미엄,2000
181,이불,2500
181,추가헹굼,500
181,세탁통향균세척,500
182,쾌속,-500
182,향균,500
182,산소계표백,500
182,아웃도어,1000
182,프리미엄,2000
182,이불,2500
182,추가헹굼,500
182,세탁통향균세척,500
183,쾌속,-500
183,향균,500
183,산소계표백,500
183,아웃도어,1000
183,프리미엄,2000
183,이불,2500
183,추가헹굼,500
183,세탁통향균세척,500
184,쾌속,-500
184,향균,500
184,산소계표백,500
184,아웃도어,1000
184,프리미엄,2000
184,이불,2500
184,추가헹굼,500
184,세탁통향균세척,500
185,쾌속,-500
185,향균,500
185,산소계표백,500
185,아웃도어,1000
185,프리미엄,2000
185,이불,2500
185,추가헹굼,500
185,세탁통향균세척,500
186,쾌속,-500
186,향균,500
186,산소계표백,500
186,아웃도어,1000
186,프리미엄,2000
186,이불,2500
186,추가헹굼,500
186,세탁통향균세척,500
187,쾌속,-500
187,향균,500
187,산소계표백,500
187,아웃도어,1000
187,프리미엄,2000
187,이불,2500
187,추가헹굼,500
187,세탁통향균세척,500
188,쾌속,-500
188,향균,500
188,산소계표백,500
188,아웃도어,1000
188,프리미엄,2000
188,이불,2500
188,추가헹굼,500
188,세탁통향균세척,500
189,쾌속,-500
189,향균,500
189,산소계표백,500
189,아웃도어,1000
189,프리미엄,2000
189,이불,2500
189,추가헹굼,500
189,세탁통향균세척,500
190,쾌속,-500
190,향균,500
190,산소계표백,500
190,아웃도어,1000
190,프리미엄,2000
190,이불,2500
190,추가헹굼,500
190,세탁통향균세척,500
191,쾌속,-500
191,향균,500
191,산소계표백,500
191,아웃도어,1000
191,프리미엄,2000
191,이불,2500
191,추가헹굼,500
191,세탁통향균세척,500
192,쾌속,-500
192,향균,500
192,산소계표백,500
192,아웃도어,1000
192,프리미엄,2000
192,이불,2500
192,추가헹굼,500
192,세탁통향균세척,500
193,쾌속,-500
193,향균,500
193,산소계표백,500
193,아웃도어,1000
193,프리미엄,2000
193,이불,2500
193,추가헹굼,500
193,세탁통향균세척,500
194,쾌속,-500
194,향균,500
194,산소계표백,500
194,아웃도어,1000
194,프리미엄,2000
194,이불,2500
194,추가헹굼,500
194,세탁통향균세척,500
195,쾌속,-500
195,향균,500
195,산소계표백,500
195,아웃도어,1000
195,프리미엄,2000
195,이불,2500
195,추가헹굼,500
195,세탁통향균세척,500
196,쾌속,-500
196,향균,500
196,산소계표백,500
196,아웃도어,1000
196,프리미엄,2000
196,이불,2500
196,추가헹굼,500
196,세탁통향균세척,500
197,쾌속,-500
197,향균,500
197,산소계표백,500
197,아웃도어,1000
197,프리미엄,2000
197,이불,2500
197,추가헹굼,500
197,세탁통향균세척,500
198,쾌속,-500
198,향균,500
198,산소계표백,500
198,아웃도어,1000
198,프리미엄,2000
198,이불,2500
198,추가헹굼,500
198,세탁통향균세척,500
199,쾌속,-500
199,향균,500
199,산소계표백,500
199,아웃도어,1000
199,프리미엄,2000
199,이불,2500
199,추가헹굼,500
199,세탁통향균세척,500
200,쾌속,-500
200,향균,500
200,산소계표백,500
200,아웃도어,1000
200,프리미엄,2000
200,이불,2500
200,추가헹굼,500
200,세탁통향균세척,500
201,쾌속,-500
201,향균,500
201,산소계표백,500
201,아웃도어,1000
201,프리미엄,2000
201,이불,2500
201,추가헹굼,500
201,세탁통향균세척,500
202,쾌속,-500
202,향균,500
202,산소계표백,500
202,아웃도어,1000
202,프리미엄,2000
202,이불,2500
202,추가헹굼,500
202,세탁통향균세척,500
203,쾌속,-500
203,향균,500
203,산소계표백,500
203,아웃도어,1000
203,프리미엄,2000
203,이불,2500
203,추가헹굼,500
203,세탁통향균세척,500
204,쾌속,-500
204,향균,500
204,산소계표백,500
204,아웃도어,1000
204,프리미엄,2000
204,이불,2500
204,추가헹굼,500
204,세탁통향균세척,500
205,쾌속,-500
205,향균,500
205,산소계표백,500
205,아웃도어,1000
205,프리미엄,2000
205,이불,2500
205,추가헹굼,500
205,세탁통향균세척,500
206,쾌속,-500
206,향균,500
206,산소계표백,500
206,아웃도어,1000
206,프리미엄,2000
206,이불,2500
206,추가헹굼,500
206,세탁통향균세척,500
207,쾌속,-500
207,향균,500
207,산소계표백,500
207,아웃도어,1000
207,프리미엄,2000
207,이불,2500
207,추가헹굼,500
207,세탁통향균세척,500
208,쾌속,-500
208,향균,500
208,산소계표백,500
208,아웃도어,1000
208,프리미엄,2000
208,이불,2500
208,추가헹굼,500
208,세탁통향균세척,500
209,쾌속,-500
209,향균,500
209,산소계표백,500
209,아웃도어,1000
209,프리미엄,2000
209,이불,2500
209,추가헹굼,500
209,세탁통향균세척,500
210,쾌속,-500
210,향균,500
210,산소계표백,500
210,아웃도어,1000
210,프리미엄,2000
210,이불,2500
210,추가헹굼,500
210,세탁통향균세척,500
211,쾌속,-500
211,향균,500
211,산소계표백,500
211,아웃도어,1000
211,프리미엄,2000
211,이불,2500
211,추가헹굼,500
211,세탁통향균세척,500
212,쾌속,-500
212,향균,500
212,산소계표백,500
212,아웃도어,1000
212,프리미엄,2000
212,이불,2500
212,추가헹굼,500
212,세탁통향균세척,500
213,쾌속,-500
213,향균,500
213,산소계표백,500
213,아웃도어,1000
213,프리미엄,2000
213,이불,2500
213,추가헹굼,500
213,세탁통향균세척,500
214,쾌속,-500
214,향균,500
214,산소계표백,500
214,아웃도어,1000
214,프리미엄,2000
214,이불,2500
214,추가헹굼,500
214,세탁통향균세척,500
215,쾌속,-500
215,향균,500
215,산소계표백,500
215,아웃도어,1000
215,프리미엄,2000
215,이불,2500
215,추가헹굼,500
215,세탁통향균세척,500
216,쾌속,-500
216,향균,500
216,산소계표백,500
216,아웃도어,1000
216,프리미엄,2000
216,이불,2500
216,추가헹굼,500
216,세탁통향균세척,500
217,쾌속,-500
217,향균,500
217,산소계표백,500
217,아웃도어,1000
217,프리미엄,2000
217,이불,2500
217,추가헹굼,500
217,세탁통향균세척,500
218,쾌속,-500
218,향균,500
218,산소계표백,500
218,아웃도어,1000
218,프리미엄,2000
218,이불,2500
218,추가헹굼,500
218,세탁통향균세척,500
219,쾌속,-500
219,향균,500
219,산소계표백,500
219,아웃도어,1000
219,프리미엄,2000
219,이불,2500
219,추가헹굼,500
219,세탁통향균세척,500
220,쾌속,-500
220,향균,500
220,산소계표백,500
220,아웃도어,1000
220,프리미엄,2000
220,이불,2500
220,추가헹굼,500
220,세탁통향균세척,500
221,쾌속,-500
221,향균,500
221,산소계표백,500
221,아웃도어,1000
221,프리미엄,2000
221,이불,2500
221,추가헹굼,500
221,세탁통향균세척,500
222,쾌속,-500
222,향균,500
222,산소계표백,500
222,아웃도어,1000
222,프리미엄,2000
222,이불,2500
222,추가헹굼,500
222,세탁통향균세척,500
223,쾌속,-500
223,향균,500
223,산소계표백,500
223,아웃도어,1000
223,프리미엄,2000
223,이불,2500
223,추가헹굼,500
223,세탁통향균세척,500
224,쾌속,-500
224,향균,500
224,산소계표백,500
224,아웃도어,1000
224,프리미엄,2000
224,이불,2500
224,추가헹굼,500
224,세탁통향균세척,500
225,쾌속,-500
225,향균,500
225,산소계표백,500
225,아웃도어,1000
225,프리미엄,2000
225,이불,2500
225,추가헹굼,500
225,세탁통향균세척,500
226,쾌속,-500
226,향균,500
226,산소계표백,500
226,아웃도어,1000
226,프리미엄,2000
226,이불,2500
226,추가헹굼,500
226,세탁통향균세척,500
227,쾌속,-500
227,향균,500
227,산소계표백,500
227,아웃도어,1000
227,프리미엄,2000
227,이불,2500
227,추가헹굼,500
227,세탁통향균세척,500
228,쾌속,-500
228,향균,500
228,산소계표백,500
228,아웃도어,1000
228,프리미엄,2000
228,이불,2500
228,추가헹굼,500
228,세탁통향균세척,500
229,쾌속,-500
229,향균,500
229,산소계표백,500
229,아웃도어,1000
229,프리미엄,2000
229,이불,2500
229,추가헹굼,500
229,세탁통향균세척,500
230,쾌속,-500
230,향균,500
230,산소계표백,500
230,아웃도어,1000
230,프리미엄,2000
230,이불,2500
230,추가헹굼,500
230,세탁통향균세척,500
231,쾌속,-500
231,향균,500
231,산소계표백,500
231,아웃도어,1000
231,프리미엄,2000
231,이불,2500
231,추가헹굼,500
231,세탁통향균세척,500
232,쾌속,-500
232,향균,500
232,산소계표백,500
232,아웃도어,1000
232,프리미엄,2000
232,이불,2500
232,추가헹굼,500
232,세탁통향균세척,500
233,쾌속,-500
233,향균,500
233,산소계표백,500
233,아웃도어,1000
233,프리미엄,2000
233,이불,2500
233,추가헹굼,500
233,세탁통향균세척,500
234,쾌속,-500
234,향균,500
234,산소계표백,500
234,아웃도어,1000
234,프리미엄,2000
234,이불,2500
234,추가헹굼,500
234,세탁통향균세척,500
235,쾌속,-500
235,향균,500
235,산소계표백,500
235,아웃도어,1000
235,프리미엄,2000
235,이불,2500
235,추가헹굼,500
235,세탁통향균세척,500
236,쾌속,-500
236,향균,500
236,산소계표백,500
236,아웃도어,1000
236,프리미엄,2000
236,이불,2500
236,추가헹굼,500
236,세탁통향균세척,500
237,쾌속,-500
237,향균,500
237,산소계표백,500
237,아웃도어,1000
237,프리미엄,2000
237,이불,2500
237,추가헹굼,500
237,세탁통향균세척,500
238,쾌속,-500
238,향균,500
238,산소계표백,500
238,아웃도어,1000
238,프리미엄,2000
238,이불,2500
238,추가헹굼,500
238,세탁통향균세척,500
239,쾌속,-500
239,향균,500
239,산소계표백,500
239,아웃도어,1000
239,프리미엄,2000
239,이불,2500
239,추가헹굼,500
239,세탁통향균세척,500
240,쾌속,-500
240,향균,500
240,산소계표백,500
240,아웃도어,1000
240,프리미엄,2000
240,이불,2500
240,추가헹굼,500
240,세탁통향균세척,500
241,쾌속,-500
241,향균,500
241,산소계표백,500
241,아웃도어,1000
241,프리미엄,2000
241,이불,2500
241,추가헹굼,500
241,세탁통향균세척,500
242,쾌속,-500
242,향균,500
242,산소계표백,500
242,아웃도어,1000
242,프리미엄,2000
242,이불,2500
242,추가헹굼,500
242,세탁통향균세척,500
243,쾌속,-500
243,향균,500
243,산소계표백,500
243,아웃도어,1000
243,프리미엄,2000
243,이불,2500
243,추가헹굼,500
243,세탁통향균세척,500
244,쾌속,-500
244,향균,500
244,산소계표백,500
244,아웃도어,1000
244,프리미엄,2000
244,이불,2500
244,추가헹굼,500
244,세탁통향균세척,500
245,쾌속,-500
245,향균,500
245,산소계표백,500
245,아웃도어,1000
245,프리미엄,2000
245,이불,2500
245,추가헹굼,500
245,세탁통향균세척,500
246,쾌속,-500
246,향균,500
246,산소계표백,500
246,아웃도어,1000
246,프리미엄,2000
246,이불,2500
246,추가헹굼,500
246,세탁통향균세척,500
247,쾌속,-500
247,향균,500
247,산소계표백,500
247,아웃도어,1000
247,프리미엄,2000
247,이불,2500
247,추가헹굼,500
247,세탁통향균세척,500
248,쾌속,-500
248,향균,500
248,산소계표백,500
248,아웃도어,1000
248,프리미엄,2000
248,이불,2500
248,추가헹굼,500
248,세탁통향균세척,500
249,쾌속,-500
249,향균,500
249,산소계표백,500
249,아웃도어,1000
249,프리미엄,2000
249,이불,2500
249,추가헹굼,500
249,세탁통향균세척,500
250,쾌속,-500
250,향균,500
250,산소계표백,500
250,아웃도어,1000
250,프리미엄,2000
250,이불,2500
250,추가헹굼,500
250,세탁통향균세척,500
251,쾌속,-500
251,향균,500
251,산소계표백,500
251,아웃도어,1000
251,프리미엄,2000
251,이불,2500
251,추가헹굼,500
251,세탁통향균세척,500
252,쾌속,-500
252,향균,500
252,산소계표백,500
252,아웃도어,1000
252,프리미엄,2000
252,이불,2500
252,추가헹굼,500
252,세탁통향균세척,500
253,쾌속,-500
253,향균,500
253,산소계표백,500
253,아웃도어,1000
253,프리미엄,2000
253,이불,2500
253,추가헹굼,500
253,세탁통향균세척,500
254,쾌속,-500
254,향균,500
254,산소계표백,500
254,아웃도어,1000
254,프리미엄,2000
254,이불,2500
254,추가헹굼,500
254,세탁통향균세척,500
255,쾌속,-500
255,향균,500
255,산소계표백,500
255,아웃도어,1000
255,프리미엄,2000
255,이불,2500
255,추가헹굼,500
255,세탁통향균세척,500
256,쾌속,-500
256,향균,500
256,산소계표백,500
256,아웃도어,1000
256,프리미엄,2000
256,이불,2500
256,추가헹굼,500
256,세탁통향균세척,500
257,쾌속,-500
257,향균,500
257,산소계표백,500
257,아웃도어,1000
257,프리미엄,2000
257,이불,2500
257,추가헹굼,500
257,세탁통향균세척,500
258,쾌속,-500
258,향균,500
258,산소계표백,500
258,아웃도어,1000
258,프리미엄,2000
258,이불,2500
258,추가헹굼,500
258,세탁통향균세척,500
259,쾌속,-500
259,향균,500
259,산소계표백,500
259,아웃도어,1000
259,프리미엄,2000
259,이불,2500
259,추가헹굼,500
259,세탁통향균세척,500
260,쾌속,-500
260,향균,500
260,산소계표백,500
260,아웃도어,1000
260,프리미엄,2000
260,이불,2500
260,추가헹굼,500
260,세탁통향균세척,500
261,쾌속,-500
261,향균,500
261,산소계표백,500
261,아웃도어,1000
261,프리미엄,2000
261,이불,2500
261,추가헹굼,500
261,세탁통향균세척,500
262,쾌속,-500
262,향균,500
262,산소계표백,500
262,아웃도어,1000
262,프리미엄,2000
262,이불,2500
262,추가헹굼,500
262,세탁통향균세척,500
263,쾌속,-500
263,향균,500
263,산소계표백,500
263,아웃도어,1000
263,프리미엄,2000
263,이불,2500
263,추가헹굼,500
263,세탁통향균세척,500
264,쾌속,-500
264,향균,500
264,산소계표백,500
264,아웃도어,1000
264,프리미엄,2000
264,이불,2500
264,추가헹굼,500
264,세탁통향균세척,500
265,쾌속,-500
265,향균,500
265,산소계표백,500
265,아웃도어,1000
265,프리미엄,2000
265,이불,2500
265,추가헹굼,500
265,세탁통향균세척,500
266,쾌속,-500
266,향균,500
266,산소계표백,500
266,아웃도어,1000
266,프리미엄,2000
266,이불,2500
266,추가헹굼,500
266,세탁통향균세척,500
267,쾌속,-500
267,향균,500
267,산소계표백,500
267,아웃도어,1000
267,프리미엄,2000
267,이불,2500
267,추가헹굼,500
267,세탁통향균세척,500
268,쾌속,-500
268,향균,500
268,산소계표백,500
268,아웃도어,1000
268,프리미엄,2000
268,이불,2500
268,추가헹굼,500
268,세탁통향균세척,500
269,쾌속,-500
269,향균,500
269,산소계표백,500
269,아웃도어,1000
269,프리미엄,2000
269,이불,2500
269,추가헹굼,500
269,세탁통향균세척,500
270,쾌속,-500
270,향균,500
270,산소계표백,500
270,아웃도어,1000
270,프리미엄,2000
270,이불,2500
270,추가헹굼,500
270,세탁통향균세척,500
271,쾌속,-500
271,향균,500
271,산소계표백,500
271,아웃도어,1000
271,프리미엄,2000
271,이불,2500
271,추가헹굼,500
271,세탁통향균세척,500
272,쾌속,-500
272,향균,500
272,산소계표백,500
272,아웃도어,1000
272,프리미엄,2000
272,이불,2500
272,추가헹굼,500
272,세탁통향균세척,500
273,쾌속,-500
273,향균,500
273,산소계표백,500
273,아웃도어,1000
273,프리미엄,2000
273,이불,2500
273,추가헹굼,500
273,세탁통향균세척,500
274,쾌속,-500
274,향균,500
274,산소계표백,500
274,아웃도어,1000
274,프리미엄,2000
274,이불,2500
274,추가헹굼,500
274,세탁통향균세척,500
275,쾌속,-500
275,향균,500
275,산소계표백,500
275,아웃도어,1000
275,프리미엄,2000
275,이불,2500
275,추가헹굼,500
275,세탁통향균세척,500
276,쾌속,-500
276,향균,500
276,산소계표백,500
276,아웃도어,1000
276,프리미엄,2000
276,이불,2500
276,추가헹굼,500
276,세탁통향균세척,500
277,쾌속,-500
277,향균,500
277,산소계표백,500
277,아웃도어,1000
277,프리미엄,2000
277,이불,2500
277,추가헹굼,500
277,세탁통향균세척,500
278,쾌속,-500
278,향균,500
278,산소계표백,500
278,아웃도어,1000
278,프리미엄,2000
278,이불,2500
278,추가헹굼,500
278,세탁통향균세척,500
279,쾌속,-500
279,향균,500
279,산소계표백,500
279,아웃도어,1000
279,프리미엄,2000
279,이불,2500
279,추가헹굼,500
279,세탁통향균세척,500
280,쾌속,-500
280,향균,500
280,산소계표백,500
280,아웃도어,1000
280,프리미엄,2000
280,이불,2500
280,추가헹굼,500
280,세탁통향균세척,500
281,쾌속,-500
281,향균,500
281,산소계표백,500
281,아웃도어,1000
281,프리미엄,2000
281,이불,2500
281,추가헹굼,500
281,세탁통향균세척,500
282,쾌속,-500
282,향균,500
282,산소계표백,500
282,아웃도어,1000
282,프리미엄,2000
282,이불,2500
282,추가헹굼,500
282,세탁통향균세척,500
283,쾌속,-500
283,향균,500
283,산소계표백,500
283,아웃도어,1000
283,프리미엄,2000
283,이불,2500
283,추가헹굼,500
283,세탁통향균세척,500
284,쾌속,-500
284,향균,500
284,산소계표백,500
284,아웃도어,1000
284,프리미엄,2000
284,이불,2500
284,추가헹굼,500
284,세탁통향균세척,500
285,쾌속,-500
285,향균,500
285,산소계표백,500
285,아웃도어,1000
285,프리미엄,2000
285,이불,2500
285,추가헹굼,500
285,세탁통향균세척,500
286,쾌속,-500
286,향균,500
286,산소계표백,500
286,아웃도어,1000
286,프리미엄,2000
286,이불,2500
286,추가헹굼,500
286,세탁통향균세척,500
287,쾌속,-500
287,향균,500
287,산소계표백,500
287,아웃도어,1000
287,프리미엄,2000
287,이불,2500
287,추가헹굼,500
287,세탁통향균세척,500
288,쾌속,-500
288,향균,500
288,산소계표백,500
288,아웃도어,1000
288,프리미엄,2000
288,이불,2500
288,추가헹굼,500
288,세탁통향균세척,500
289,쾌속,-500
289,향균,500
289,산소계표백,500
289,아웃도어,1000
289,프리미엄,2000
289,이불,2500
289,추가헹굼,500
289,세탁통향균세척,500
290,쾌속,-500
290,향균,500
290,산소계표백,500
290,아웃도어,1000
290,프리미엄,2000
290,이불,2500
290,추가헹굼,500
290,세탁통향균세척,500
291,쾌속,-500
291,향균,500
291,산소계표백,500
291,아웃도어,1000
291,프리미엄,2000
291,이불,2500
291,추가헹굼,500
291,세탁통향균세척,500
292,쾌속,-500
292,향균,500
292,산소계표백,500
292,아웃도어,1000
292,프리미엄,2000
292,이불,2500
292,추가헹굼,500
292,세탁통향균세척,500
293,쾌속,-500
293,향균,500
293,산소계표백,500
293,아웃도어,1000
293,프리미엄,2000
293,이불,2500
293,추가헹굼,500
293,세탁통향균세척,500
294,쾌속,-500
294,향균,500
294,산소계표백,500
294,아웃도어,1000
294,프리미엄,2000
294,이불,2500
294,추가헹굼,500
294,세탁통향균세척,500
295,쾌속,-500
295,향균,500
295,산소계표백,500
295,아웃도어,1000
295,프리미엄,2000
295,이불,2500
295,추가헹굼,500
295,세탁통향균세척,500
296,쾌속,-500
296,향균,500
296,산소계표백,500
296,아웃도어,1000
296,프리미엄,2000
296,이불,2500
296,추가헹굼,500
296,세탁통향균세척,500
297,쾌속,-500
297,향균,500
297,산소계표백,500
297,아웃도어,1000
297,프리미엄,2000
297,이불,2500
297,추가헹굼,500
297,세탁통향균세척,500
298,쾌속,-500
298,향균,500
298,산소계표백,500
298,아웃도어,1000
298,프리미엄,2000
298,이불,2500
298,추가헹굼,500
298,세탁통향균세척,500
299,쾌속,-500
299,향균,500
299,산소계표백,500
299,아웃도어,1000
299,프리미엄,2000
299,이불,2500
299,추가헹굼,500
299,세탁통향균세척,500
300,쾌속,-500
300,향균,500
300,산소계표백,500
300,아웃도어,1000
300,프리미엄,2000
300,이불,2500
300,추가헹굼,500
300,세탁통향균세척,500
301,쾌속,-500
301,향균,500
301,산소계표백,500
301,아웃도어,1000
301,프리미엄,2000
301,이불,2500
301,추가헹굼,500
301,세탁통향균세척,500
302,쾌속,-500
302,향균,500
302,산소계표백,500
302,아웃도어,1000
302,프리미엄,2000
302,이불,2500
302,추가헹굼,500
302,세탁통향균세척,500
303,쾌속,-500
303,향균,500
303,산소계표백,500
303,아웃도어,1000
303,프리미엄,2000
303,이불,2500
303,추가헹굼,500
303,세탁통향균세척,500
304,쾌속,-500
304,향균,500
304,산소계표백,500
304,아웃도어,1000
304,프리미엄,2000
304,이불,2500
304,추가헹굼,500
304,세탁통향균세척,500
305,쾌속,-500
305,향균,500
305,산소계표백,500
305,아웃도어,1000
305,프리미엄,2000
305,이불,2500
305,추가헹굼,500
305,세탁통향균세척,500
306,쾌속,-500
306,향균,500
306,산소계표백,500
306,아웃도어,1000
306,프리미엄,2000
306,이불,2500
306,추가헹굼,500
306,세탁통향균세척,500
307,쾌속,-500
307,향균,500
307,산소계표백,500
307,아웃도어,1000
307,프리미엄,2000
307,이불,2500
307,추가헹굼,500
307,세탁통향균세척,500
308,쾌속,-500
308,향균,500
308,산소계표백,500
308,아웃도어,1000
308,프리미엄,2000
308,이불,2500
308,추가헹굼,500
308,세탁통향균세척,500
309,쾌속,-500
309,향균,500
309,산소계표백,500
309,아웃도어,1000
309,프리미엄,2000
309,이불,2500
309,추가헹굼,500
309,세탁통향균세척,500
310,쾌속,-500
310,향균,500
310,산소계표백,500
310,아웃도어,1000
310,프리미엄,2000
310,이불,2500
310,추가헹굼,500
310,세탁통향균세척,500
311,쾌속,-500
311,향균,500
311,산소계표백,500
311,아웃도어,1000
311,프리미엄,2000
311,이불,2500
311,추가헹굼,500
311,세탁통향균세척,500
312,쾌속,-500
312,향균,500
312,산소계표백,500
312,아웃도어,1000
312,프리미엄,2000
312,이불,2500
312,추가헹굼,500
312,세탁통향균세척,500
313,쾌속,-500
313,향균,500
313,산소계표백,500
313,아웃도어,1000
313,프리미엄,2000
313,이불,2500
313,추가헹굼,500
313,세탁통향균세척,500
314,쾌속,-500
314,향균,500
314,산소계표백,500
314,아웃도어,1000
314,프리미엄,2000
314,이불,2500
314,추가헹굼,500
314,세탁통향균세척,500
315,쾌속,-500
315,향균,500
315,산소계표백,500
315,아웃도어,1000
315,프리미엄,2000
315,이불,2500
315,추가헹굼,500
315,세탁통향균세척,500
316,쾌속,-500
316,향균,500
316,산소계표백,500
316,아웃도어,1000
316,프리미엄,2000
316,이불,2500
316,추가헹굼,500
316,세탁통향균세척,500
317,쾌속,-500
317,향균,500
317,산소계표백,500
317,아웃도어,1000
317,프리미엄,2000
317,이불,2500
317,추가헹굼,500
317,세탁통향균세척,500
318,쾌속,-500
318,향균,500
318,산소계표백,500
318,아웃도어,1000
318,프리미엄,2000
318,이불,2500
318,추가헹굼,500
318,세탁통향균세척,500
319,쾌속,-500
319,향균,500
319,산소계표백,500
319,아웃도어,1000
319,프리미엄,2000
319,이불,2500
319,추가헹굼,500
319,세탁통향균세척,500
320,쾌속,-500
320,향균,500
320,산소계표백,500
320,아웃도어,1000
320,프리미엄,2000
320,이불,2500
320,추가헹굼,500
320,세탁통향균세척,500
321,쾌속,-500
321,향균,500
321,산소계표백,500
321,아웃도어,1000
321,프리미엄,2000
321,이불,2500
321,추가헹굼,500
321,세탁통향균세척,500
322,쾌속,-500
322,향균,500
322,산소계표백,500
322,아웃도어,1000
322,프리미엄,2000
322,이불,2500
322,추가헹굼,500
322,세탁통향균세척,500
323,쾌속,-500
323,향균,500
323,산소계표백,500
323,아웃도어,1000
323,프리미엄,2000
323,이불,2500
323,추가헹굼,500
323,세탁통향균세척,500
324,쾌속,-500
324,향균,500
324,산소계표백,500
324,아웃도어,1000
324,프리미엄,2000
324,이불,2500
324,추가헹굼,500
324,세탁통향균세척,500
325,쾌속,-500
325,향균,500
325,산소계표백,500
325,아웃도어,1000
325,프리미엄,2000
325,이불,2500
325,추가헹굼,500
325,세탁통향균세척,500
326,쾌속,-500
326,향균,500
326,산소계표백,500
326,아웃도어,1000
326,프리미엄,2000
326,이불,2500
326,추가헹굼,500
326,세탁통향균세척,500
327,쾌속,-500
327,향균,500
327,산소계표백,500
327,아웃도어,1000
327,프리미엄,2000
327,이불,2500
327,추가헹굼,500
327,세탁통향균세척,500
328,쾌속,-500
328,향균,500
328,산소계표백,500
328,아웃도어,1000
328,프리미엄,2000
328,이불,2500
328,추가헹굼,500
328,세탁통향균세척,500
329,쾌속,-500
329,향균,500
329,산소계표백,500
329,아웃도어,1000
329,프리미엄,2000
329,이불,2500
329,추가헹굼,500
329,세탁통향균세척,500
330,쾌속,-500
330,향균,500
330,산소계표백,500
330,아웃도어,1000
330,프리미엄,2000
330,이불,2500
330,추가헹굼,500
330,세탁통향균세척,500
331,쾌속,-500
331,향균,500
331,산소계표백,500
331,아웃도어,1000
331,프리미엄,2000
331,이불,2500
331,추가헹굼,500
331,세탁통향균세척,500
332,쾌속,-500
332,향균,500
332,산소계표백,500
332,아웃도어,1000
332,프리미엄,2000
332,이불,2500
332,추가헹굼,500
332,세탁통향균세척,500
333,쾌속,-500
333,향균,500
333,산소계표백,500
333,아웃도어,1000
333,프리미엄,2000
333,이불,2500
333,추가헹굼,500
333,세탁통향균세척,500
334,쾌속,-500
334,향균,500
334,산소계표백,500
334,아웃도어,1000
334,프리미엄,2000
334,이불,2500
334,추가헹굼,500
334,세탁통향균세척,500
335,쾌속,-500
335,향균,500
335,산소계표백,500
335,아웃도어,1000
335,프리미엄,2000
335,이불,2500
335,추가헹굼,500
335,세탁통향균세척,500
336,쾌속,-500
336,향균,500
336,산소계표백,500
336,아웃도어,1000
336,프리미엄,2000
336,이불,2500
336,추가헹굼,500
336,세탁통향균세척,500
337,쾌속,-500
337,향균,500
337,산소계표백,500
337,아웃도어,1000
337,프리미엄,2000
337,이불,2500
337,추가헹굼,500
337,세탁통향균세척,500
338,쾌속,-500
338,향균,500
338,산소계표백,500
338,아웃도어,1000
338,프리미엄,2000
338,이불,2500
338,추가헹굼,500
338,세탁통향균세척,500
339,쾌속,-500
339,향균,500
339,산소계표백,500
339,아웃도어,1000
339,프리미엄,2000
339,이불,2500
339,추가헹굼,500
339,세탁통향균세척,500
340,쾌속,-500
340,향균,500
340,산소계표백,500
340,아웃도어,1000
340,프리미엄,2000
340,이불,2500
340,추가헹굼,500
340,세탁통향균세척,500
341,쾌속,-500
341,향균,500
341,산소계표백,500
341,아웃도어,1000
341,프리미엄,2000
341,이불,2500
341,추가헹굼,500
341,세탁통향균세척,500
342,쾌속,-500
342,향균,500
342,산소계표백,500
342,아웃도어,1000
342,프리미엄,2000
342,이불,2500
342,추가헹굼,500
342,세탁통향균세척,500
343,쾌속,-500
343,향균,500
343,산소계표백,500
343,아웃도어,1000
343,프리미엄,2000
343,이불,2500
343,추가헹굼,500
343,세탁통향균세척,500
344,쾌속,-500
344,향균,500
344,산소계표백,500
344,아웃도어,1000
344,프리미엄,2000
344,이불,2500
344,추가헹굼,500
344,세탁통향균세척,500
345,쾌속,-500
345,향균,500
345,산소계표백,500
345,아웃도어,1000
345,프리미엄,2000
345,이불,2500
345,추가헹굼,500
345,세탁통향균세척,500
346,쾌속,-500
346,향균,500
346,산소계표백,500
346,아웃도어,1000
346,프리미엄,2000
346,이불,2500
346,추가헹굼,500
346,세탁통향균세척,500
347,쾌속,-500
347,향균,500
347,산소계표백,500
347,아웃도어,1000
347,프리미엄,2000
347,이불,2500
347,추가헹굼,500
347,세탁통향균세척,500
348,쾌속,-500
348,향균,500
348,산소계표백,500
348,아웃도어,1000
348,프리미엄,2000
348,이불,2500
348,추가헹굼,500
348,세탁통향균세척,500
349,쾌속,-500
349,향균,500
349,산소계표백,500
349,아웃도어,1000
349,프리미엄,2000
349,이불,2500
349,추가헹굼,500
349,세탁통향균세척,500
350,쾌속,-500
350,향균,500
350,산소계표백,500
350,아웃도어,1000
350,프리미엄,2000
350,이불,2500
350,추가헹굼,500
350,세탁통향균세척,500
351,쾌속,-500
351,향균,500
351,산소계표백,500
351,아웃도어,1000
351,프리미엄,2000
351,이불,2500
351,추가헹굼,500
351,세탁통향균세척,500
352,쾌속,-500
352,향균,500
352,산소계표백,500
352,아웃도어,1000
352,프리미엄,2000
352,이불,2500
352,추가헹굼,500
352,세탁통향균세척,500
353,쾌속,-500
353,향균,500
353,산소계표백,500
353,아웃도어,1000
353,프리미엄,2000
353,이불,2500
353,추가헹굼,500
353,세탁통향균세척,500
354,쾌속,-500
354,향균,500
354,산소계표백,500
354,아웃도어,1000
354,프리미엄,2000
354,이불,2500
354,추가헹굼,500
354,세탁통향균세척,500
355,쾌속,-500
355,향균,500
355,산소계표백,500
355,아웃도어,1000
355,프리미엄,2000
355,이불,2500
355,추가헹굼,500
355,세탁통향균세척,500
356,쾌속,-500
356,향균,500
356,산소계표백,500
356,아웃도어,1000
356,프리미엄,2000
356,이불,2500
356,추가헹굼,500
356,세탁통향균세척,500
357,쾌속,-500
357,향균,500
357,산소계표백,500
357,아웃도어,1000
357,프리미엄,2000
357,이불,2500
357,추가헹굼,500
357,세탁통향균세척,500
358,쾌속,-500
358,향균,500
358,산소계표백,500
358,아웃도어,1000
358,프리미엄,2000
358,이불,2500
358,추가헹굼,500
358,세탁통향균세척,500
359,쾌속,-500
359,향균,500
359,산소계표백,500
359,아웃도어,1000
359,프리미엄,2000
359,이불,2500
359,추가헹굼,500
359,세탁통향균세척,500
360,쾌속,-500
360,향균,500
360,산소계표백,500
360,아웃도어,1000
360,프리미엄,2000
360,이불,2500
360,추가헹굼,500
360,세탁통향균세척,500
361,쾌속,-500
361,향균,500
361,산소계표백,500
361,아웃도어,1000
361,프리미엄,2000
361,이불,2500
361,추가헹굼,500
361,세탁통향균세척,500
362,쾌속,-500
362,향균,500
362,산소계표백,500
362,아웃도어,1000
362,프리미엄,2000
362,이불,2500
362,추가헹굼,500
362,세탁통향균세척,500
363,쾌속,-500
363,향균,500
363,산소계표백,500
363,아웃도어,1000
363,프리미엄,2000
363,이불,2500
363,추가헹굼,500
363,세탁통향균세척,500
364,쾌속,-500
364,향균,500
364,산소계표백,500
364,아웃도어,1000
364,프리미엄,2000
364,이불,2500
364,추가헹굼,500
364,세탁통향균세척,500
365,쾌속,-500
365,향균,500
365,산소계표백,500
365,아웃도어,1000
365,프리미엄,2000
365,이불,2500
365,추가헹굼,500
365,세탁통향균세척,500
366,쾌속,-500
366,향균,500
366,산소계표백,500
366,아웃도어,1000
366,프리미엄,2000
366,이불,2500
366,추가헹굼,500
366,세탁통향균세척,500
367,쾌속,-500
367,향균,500
367,산소계표백,500
367,아웃도어,1000
367,프리미엄,2000
367,이불,2500
367,추가헹굼,500
367,세탁통향균세척,500
368,쾌속,-500
368,향균,500
368,산소계표백,500
368,아웃도어,1000
368,프리미엄,2000
368,이불,2500
368,추가헹굼,500
368,세탁통향균세척,500
369,쾌속,-500
369,향균,500
369,산소계표백,500
369,아웃도어,1000
369,프리미엄,2000
369,이불,2500
369,추가헹굼,500
369,세탁통향균세척,500
370,쾌속,-500
370,향균,500
370,산소계표백,500
370,아웃도어,1000
370,프리미엄,2000
370,이불,2500
370,추가헹굼,500
370,세탁통향균세척,500
371,쾌속,-500
371,향균,500
371,산소계표백,500
371,아웃도어,1000
371,프리미엄,2000
371,이불,2500
371,추가헹굼,500
371,세탁통향균세척,500
372,쾌속,-500
372,향균,500
372,산소계표백,500
372,아웃도어,1000
372,프리미엄,2000
372,이불,2500
372,추가헹굼,500
372,세탁통향균세척,500
373,쾌속,-500
373,향균,500
373,산소계표백,500
373,아웃도어,1000
373,프리미엄,2000
373,이불,2500
373,추가헹굼,500
373,세탁통향균세척,500
374,쾌속,-500
374,향균,500
374,산소계표백,500
374,아웃도어,1000
374,프리미엄,2000
374,이불,2500
374,추가헹굼,500
374,세탁통향균세척,500
375,쾌속,-500
375,향균,500
375,산소계표백,500
375,아웃도어,1000
375,프리미엄,2000
375,이불,2500
375,추가헹굼,500
375,세탁통향균세척,500
